3,Exhibit C-XX,194.69,436.53,256.02,444.63,7ef22357-3c89-4e7f-858f-a3fd7f398cf8
3,Exhibit R-XX,194.69,467.49,261.06,475.59,7ef22357-3c89-4e7f-858f-a3fd7f398cf8
3,Exhibit RL-XX,414.31,467.49,487.19,475.59,7ef22357-3c89-4e7f-858f-a3fd7f398cf8
3,Exhibit R-117,382.63,543.46,448.99,551.56,7ef22357-3c89-4e7f-858f-a3fd7f398cf8
3,Exhibit RL-10,263.28,562.54,327.43,570.46,7ef22357-3c89-4e7f-858f-a3fd7f398cf8
3,Appendix YY,195.62,593.32,257.73,601.42,7ef22357-3c89-4e7f-858f-a3fd7f398cf8
3,RWS-01,230.04,643.37,265.55,651.65,7ef22357-3c89-4e7f-858f-a3fd7f398cf8
3,Appendix R-01,498.93,674.33,545.82,682.61,7ef22357-3c89-4e7f-858f-a3fd7f398cf8
3,Appendix R-01,126.73,693.41,145.81,701.33,7ef22357-3c89-4e7f-858f-a3fd7f398cf8
7,Exhibit RL-01,442.03,181.63,508.13,189.91,7ef22357-3c89-4e7f-858f-a3fd7f398cf8
8,t,188.12,231.68,192.08,239.96,7ef22357-3c89-4e7f-858f-a3fd7f398cf8
10,Exhibit RL-10,490.46,738.23,545.81,746.51,7ef22357-3c89-4e7f-858f-a3fd7f398cf8
11,Exhibit RL-10,126.91,74.71,135.12,82.81,7ef22357-3c89-4e7f-858f-a3fd7f398cf8
11,Exhibit RL-11,345.18,131.77,407.2,139.87,7ef22357-3c89-4e7f-858f-a3fd7f398cf8
11,Exhibit RL-12,324.66,452.37,390.21,460.65,7ef22357-3c89-4e7f-858f-a3fd7f398cf8
14,Exhibit R-03,442.93,495.58,500.68,503.68,7ef22357-3c89-4e7f-858f-a3fd7f398cf8
17,Exhibit RL-13,131.68,74.71,196.04,82.81,7ef22357-3c89-4e7f-858f-a3fd7f398cf8
17,Exhibit CL-009,131.68,585.22,201.31,593.32,7ef22357-3c89-4e7f-858f-a3fd7f398cf8
17,Exhibit CL-004,221.33,585.22,291.13,593.32,7ef22357-3c89-4e7f-858f-a3fd7f398cf8
17,Exhibit CL-010,310.98,585.22,380.74,593.32,7ef22357-3c89-4e7f-858f-a3fd7f398cf8
17,Exhibit CL-011,400.63,585.22,470.3,593.32,7ef22357-3c89-4e7f-858f-a3fd7f398cf8
17,Exhibit CL-012,490.28,585.22,545.81,593.32,7ef22357-3c89-4e7f-858f-a3fd7f398cf8
17,Exhibit CL-012,126.37,604.3,139.96,612.22,7ef22357-3c89-4e7f-858f-a3fd7f398cf8
17,Exhibit CL-009,468.5,654.35,537.4,662.63,7ef22357-3c89-4e7f-858f-a3fd7f398cf8
18,Exhibit CL-004,489.36,231.68,545.81,239.96,7ef22357-3c89-4e7f-858f-a3fd7f398cf8
18,Exhibit CL-004,165.0,250.64,179.26,258.86,7ef22357-3c89-4e7f-858f-a3fd7f398cf8
18,Exhibit CL-010,465.08,457.41,534.34,465.69,7ef22357-3c89-4e7f-858f-a3fd7f398cf8
18,Exhibit CL-011,489.54,676.31,545.81,684.59,7ef22357-3c89-4e7f-858f-a3fd7f398cf8
18,Exhibit CL-011,165.0,695.28,179.26,703.49,7ef22357-3c89-4e7f-858f-a3fd7f398cf8
19,Exhibit CL-012,170.39,388.47,240.05,396.57,7ef22357-3c89-4e7f-858f-a3fd7f398cf8
19,Exhibit CL-13,230.67,557.32,294.46,565.42,7ef22357-3c89-4e7f-858f-a3fd7f398cf8
20,Exhibit RL-14,428.35,74.71,494.63,82.99,7ef22357-3c89-4e7f-858f-a3fd7f398cf8
20,Exhibit RL-15,131.68,402.51,197.27,410.61,7ef22357-3c89-4e7f-858f-a3fd7f398cf8
23,RWS-1,420.73,583.24,449.66,591.52,7ef22357-3c89-4e7f-858f-a3fd7f398cf8
23,Section 4,462.83,583.24,512.15,591.52,7ef22357-3c89-4e7f-858f-a3fd7f398cf8
24,t,135.46,476.31,140.01,484.59,7ef22357-3c89-4e7f-858f-a3fd7f398cf8
24,Exhibit R-25,266.31,583.24,326.19,591.34,7ef22357-3c89-4e7f-858f-a3fd7f398cf8
28,RWS-1,236.21,616.18,265.14,624.46,7ef22357-3c89-4e7f-858f-a3fd7f398cf8
28,para. 4.9,275.97,616.18,316.9,624.46,7ef22357-3c89-4e7f-858f-a3fd7f398cf8
30,Appendix R-02,171.34,93.79,243.44,101.89,7ef22357-3c89-4e7f-858f-a3fd7f398cf8
30,Exhibit R-A02.47,264.87,93.79,346.75,101.89,7ef22357-3c89-4e7f-858f-a3fd7f398cf8
30,Appendix R-02,411.46,188.65,483.71,196.93,7ef22357-3c89-4e7f-858f-a3fd7f398cf8
30,Exhibit R-A02.47,494.51,188.65,545.82,196.93,7ef22357-3c89-4e7f-858f-a3fd7f398cf8
30,Exhibit R-A02.47,164.72,207.74,195.63,215.66,7ef22357-3c89-4e7f-858f-a3fd7f398cf8
30,Exhibit R-A02.47,349.86,333.56,433.04,341.84,7ef22357-3c89-4e7f-858f-a3fd7f398cf8
30,Exhibit R-A02.48,170.39,352.47,252.46,360.57,7ef22357-3c89-4e7f-858f-a3fd7f398cf8
31,sic,530.91,250.58,541.82,258.86,7ef22357-3c89-4e7f-858f-a3fd7f398cf8
31,Exhibit R-A02.47,280.9,521.32,361.01,529.42,7ef22357-3c89-4e7f-858f-a3fd7f398cf8
32,Exhibit R-A02.57,170.39,131.95,252.1,139.87,7ef22357-3c89-4e7f-858f-a3fd7f398cf8
33,Exhibit R-027,251.91,257.6,315.19,265.7,7ef22357-3c89-4e7f-858f-a3fd7f398cf8
35,Appendix R-02,392.56,200.72,464.09,209.0,7ef22357-3c89-4e7f-858f-a3fd7f398cf8
35,Appendix R-02,498.95,238.52,546.0,246.8,7ef22357-3c89-4e7f-858f-a3fd7f398cf8
35,Appendix R-02,126.73,257.6,145.81,265.88,7ef22357-3c89-4e7f-858f-a3fd7f398cf8
35,Appendix R-02,391.46,295.76,463.04,303.86,7ef22357-3c89-4e7f-858f-a3fd7f398cf8
35,Appendix R-02,132.61,466.59,202.7,474.51,7ef22357-3c89-4e7f-858f-a3fd7f398cf8
35,Appendix R-02,195.62,528.52,269.13,536.44,7ef22357-3c89-4e7f-858f-a3fd7f398cf8
35,Appendix R-02,323.07,604.12,396.22,612.4,7ef22357-3c89-4e7f-858f-a3fd7f398cf8
35,Exhibit R-A02.10,511.32,730.13,545.81,738.41,7ef22357-3c89-4e7f-858f-a3fd7f398cf8
35,Exhibit R-A02.10,189.74,749.21,231.22,757.13,7ef22357-3c89-4e7f-858f-a3fd7f398cf8
36,Appendix R-02,291.03,93.97,363.31,101.89,7ef22357-3c89-4e7f-858f-a3fd7f398cf8
36,Appendix R-02,451.07,276.86,520.85,284.96,7ef22357-3c89-4e7f-858f-a3fd7f398cf8
36,Appendix R-02,288.87,402.69,360.61,410.61,7ef22357-3c89-4e7f-858f-a3fd7f398cf8
36,Appendix R-02,484.53,642.29,545.82,650.57,7ef22357-3c89-4e7f-858f-a3fd7f398cf8
36,Appendix R-02,165.08,661.19,173.81,669.47,7ef22357-3c89-4e7f-858f-a3fd7f398cf8
36,Exhibit R-117,185.15,718.25,250.47,726.17,7ef22357-3c89-4e7f-858f-a3fd7f398cf8
37,Appendix R-02,286.51,124.75,355.78,133.03,7ef22357-3c89-4e7f-858f-a3fd7f398cf8
37,Appendix R-02,336.03,219.62,407.42,227.9,7ef22357-3c89-4e7f-858f-a3fd7f398cf8
37,Appendix R-02,287.43,314.84,360.22,322.94,7ef22357-3c89-4e7f-858f-a3fd7f398cf8
37,Exhibit R-A03.65,388.03,409.53,467.54,417.63,7ef22357-3c89-4e7f-858f-a3fd7f398cf8
37,Exhibit R-A03.66,265.41,447.51,345.53,455.79,7ef22357-3c89-4e7f-858f-a3fd7f398cf8
37,Appendix R-02,287.95,667.49,358.42,676.31,7ef22357-3c89-4e7f-858f-a3fd7f398cf8
38,Appendix R-02,221.9,93.97,294.55,102.07,7ef22357-3c89-4e7f-858f-a3fd7f398cf8
38,Exhibit R-A03.67,207.63,112.87,291.21,120.97,7ef22357-3c89-4e7f-858f-a3fd7f398cf8
38,Exhibit R-A03.68,170.39,131.95,251.02,140.05,7ef22357-3c89-4e7f-858f-a3fd7f398cf8
38,RWS-1,520.32,150.67,545.82,158.95,7ef22357-3c89-4e7f-858f-a3fd7f398cf8
38,RWS-1,165.62,169.75,169.4,178.03,7ef22357-3c89-4e7f-858f-a3fd7f398cf8
38,para. 8.30,181.1,169.75,230.54,178.03,7ef22357-3c89-4e7f-858f-a3fd7f398cf8
38,Exhibit R-07,227.99,555.34,288.97,563.44,7ef22357-3c89-4e7f-858f-a3fd7f398cf8
38,Exhibit R-118,170.39,631.49,233.82,639.41,7ef22357-3c89-4e7f-858f-a3fd7f398cf8
39,Appendix R-03,132.61,181.63,204.56,189.73,7ef22357-3c89-4e7f-858f-a3fd7f398cf8
39,Appendix R-03,466.73,421.41,540.05,429.69,7ef22357-3c89-4e7f-858f-a3fd7f398cf8
39,Appendix R-03,132.61,497.38,205.4,505.66,7ef22357-3c89-4e7f-858f-a3fd7f398cf8
40,Appendix R-03,400.46,74.71,473.12,82.99,7ef22357-3c89-4e7f-858f-a3fd7f398cf8
40,Exhibit R-056,275.49,374.61,340.8,382.71,7ef22357-3c89-4e7f-858f-a3fd7f398cf8
41,Exhibit R-056,407.11,74.89,472.79,82.99,7ef22357-3c89-4e7f-858f-a3fd7f398cf8
42,Exhibit R-056,394.51,597.28,457.22,605.56,7ef22357-3c89-4e7f-858f-a3fd7f398cf8
42,RWS-1,520.32,597.28,545.82,605.56,7ef22357-3c89-4e7f-858f-a3fd7f398cf8
42,RWS-1,165.62,616.36,169.31,624.28,7ef22357-3c89-4e7f-858f-a3fd7f398cf8
42,para. 7.2,178.04,616.36,218.81,624.28,7ef22357-3c89-4e7f-858f-a3fd7f398cf8
44,Appendix R-03,208.2,376.77,279.93,384.87,7ef22357-3c89-4e7f-858f-a3fd7f398cf8
44,Appendix R-03,414.54,602.32,487.19,610.6,7ef22357-3c89-4e7f-858f-a3fd7f398cf8
45,Appendix R-03,498.75,162.73,545.63,171.01,7ef22357-3c89-4e7f-858f-a3fd7f398cf8
45,Appendix R-03,165.44,181.63,184.64,189.73,7ef22357-3c89-4e7f-858f-a3fd7f398cf8
45,Exhibit R-A03.18,304.12,181.63,386.79,189.73,7ef22357-3c89-4e7f-858f-a3fd7f398cf8
45,Appendix R-03,287.97,364.53,357.58,372.63,7ef22357-3c89-4e7f-858f-a3fd7f398cf8
45,Exhibit R-A03.19,511.32,383.43,545.81,391.71,7ef22357-3c89-4e7f-858f-a3fd7f398cf8
45,Exhibit R-A03.19,165.44,402.69,209.28,410.61,7ef22357-3c89-4e7f-858f-a3fd7f398cf8
45,Appendix R-03,200.12,497.56,273.09,505.66,7ef22357-3c89-4e7f-858f-a3fd7f398cf8
45,Appendix R-03,182.86,661.19,252.92,669.29,7ef22357-3c89-4e7f-858f-a3fd7f398cf8
45,Exhibit R-A03.25,505.27,699.17,545.27,707.45,7ef22357-3c89-4e7f-858f-a3fd7f398cf8
45,Exhibit R-A03.25,165.44,718.07,211.34,726.17,7ef22357-3c89-4e7f-858f-a3fd7f398cf8
45,Exhibit R-A03.36,228.26,718.07,269.74,726.17,7ef22357-3c89-4e7f-858f-a3fd7f398cf8
46,Appendix R-03,224.96,74.71,299.41,82.81,7ef22357-3c89-4e7f-858f-a3fd7f398cf8
46,Appendix R-03,287.97,269.66,357.58,277.76,7ef22357-3c89-4e7f-858f-a3fd7f398cf8
46,Appendix R-03,317.47,364.53,391.58,372.81,7ef22357-3c89-4e7f-858f-a3fd7f398cf8
46,Appendix R-03,321.61,459.39,399.32,467.49,7ef22357-3c89-4e7f-858f-a3fd7f398cf8
46,Exhibit R-A03.40,511.32,554.44,545.81,562.54,7ef22357-3c89-4e7f-858f-a3fd7f398cf8
46,Exhibit R-A03.40,165.44,573.16,207.06,581.44,7ef22357-3c89-4e7f-858f-a3fd7f398cf8
46,Exhibit R-A03.41,396.49,592.42,479.82,600.52,7ef22357-3c89-4e7f-858f-a3fd7f398cf8
46,Appendix R-03,198.32,743.81,250.41,749.57,7ef22357-3c89-4e7f-858f-a3fd7f398cf8
47,Appendix R-03,310.81,162.01,386.14,170.83,7ef22357-3c89-4e7f-858f-a3fd7f398cf8
47,Appendix R-03,498.75,257.6,545.63,265.88,7ef22357-3c89-4e7f-858f-a3fd7f398cf8
47,Appendix R-03,165.44,276.86,186.32,284.96,7ef22357-3c89-4e7f-858f-a3fd7f398cf8
47,Exhibit R-A03.42,328.62,276.86,410.38,284.96,7ef22357-3c89-4e7f-858f-a3fd7f398cf8
47,Exhibit R-A03.43,272.25,295.58,351.79,303.68,7ef22357-3c89-4e7f-858f-a3fd7f398cf8
47,Appendix R-03,498.75,402.51,545.63,410.79,7ef22357-3c89-4e7f-858f-a3fd7f398cf8
47,Appendix R-03,165.44,421.41,186.32,429.69,7ef22357-3c89-4e7f-858f-a3fd7f398cf8
47,RWS-1,371.2,497.38,400.0,505.66,7ef22357-3c89-4e7f-858f-a3fd7f398cf8
47,para. 9.32,411.7,497.38,459.05,505.66,7ef22357-3c89-4e7f-858f-a3fd7f398cf8
48,Appendix R-03,208.4,193.87,280.29,201.97,7ef22357-3c89-4e7f-858f-a3fd7f398cf8
48,Appendix R-03,315.87,419.43,386.14,427.71,7ef22357-3c89-4e7f-858f-a3fd7f398cf8
48,Appendix R-03,171.34,678.29,241.4,686.39,7ef22357-3c89-4e7f-858f-a3fd7f398cf8
48,Exhibit R-A03.18,349.51,678.29,429.27,686.39,7ef22357-3c89-4e7f-858f-a3fd7f398cf8
49,Appendix R-03,287.97,181.63,357.58,189.73,7ef22357-3c89-4e7f-858f-a3fd7f398cf8
49,Appendix R-03,426.06,295.76,497.25,303.86,7ef22357-3c89-4e7f-858f-a3fd7f398cf8
49,Exhibit R-A03.18,454.64,371.55,534.37,379.83,7ef22357-3c89-4e7f-858f-a3fd7f398cf8
49,Appendix R-03,220.28,478.47,290.55,486.75,7ef22357-3c89-4e7f-858f-a3fd7f398cf8
49,Exhibit R-A03.25,170.48,535.54,261.21,543.46,7ef22357-3c89-4e7f-858f-a3fd7f398cf8
49,Exhibit R-A03.27,279.57,535.54,322.77,543.46,7ef22357-3c89-4e7f-858f-a3fd7f398cf8
49,Exhibit R-A03.29,333.03,535.54,378.94,543.46,7ef22357-3c89-4e7f-858f-a3fd7f398cf8
49,Exhibit R-A03.36,397.3,535.54,443.2,543.46,7ef22357-3c89-4e7f-858f-a3fd7f398cf8
49,Exhibit R-A03.44,470.57,535.54,512.19,543.46,7ef22357-3c89-4e7f-858f-a3fd7f398cf8
49,Appendix R-03,384.28,573.16,456.74,581.26,7ef22357-3c89-4e7f-858f-a3fd7f398cf8
50,Appendix R-03,291.93,124.75,362.62,132.85,7ef22357-3c89-4e7f-858f-a3fd7f398cf8
50,Appendix R-03,389.66,238.52,461.57,246.8,7ef22357-3c89-4e7f-858f-a3fd7f398cf8
50,Exhibit R-A03.45,439.15,276.68,524.69,284.96,7ef22357-3c89-4e7f-858f-a3fd7f398cf8
50,Exhibit R-119,170.39,333.56,236.6,341.66,7ef22357-3c89-4e7f-858f-a3fd7f398cf8
50,Appendix R-03,287.07,597.28,356.62,605.38,7ef22357-3c89-4e7f-858f-a3fd7f398cf8
50,Appendix R-03,370.6,692.33,445.94,700.43,7ef22357-3c89-4e7f-858f-a3fd7f398cf8
51,Appendix R-03,427.1,93.79,498.33,101.89,7ef22357-3c89-4e7f-858f-a3fd7f398cf8
51,Exhibit R-A03.40,493.32,226.82,545.82,234.92,7ef22357-3c89-4e7f-858f-a3fd7f398cf8
51,Exhibit R-A03.40,164.72,245.54,195.63,253.82,7ef22357-3c89-4e7f-858f-a3fd7f398cf8
51,Exhibit R-A03.41,511.32,283.7,545.81,291.98,7ef22357-3c89-4e7f-858f-a3fd7f398cf8
51,Exhibit R-A03.41,165.44,302.6,207.06,310.7,7ef22357-3c89-4e7f-858f-a3fd7f398cf8
51,Appendix R-03,288.87,523.3,358.6,531.4,7ef22357-3c89-4e7f-858f-a3fd7f398cf8
51,Appendix R-03,498.75,618.16,545.63,626.44,7ef22357-3c89-4e7f-858f-a3fd7f398cf8
51,Appendix R-03,165.44,637.25,186.32,645.35,7ef22357-3c89-4e7f-858f-a3fd7f398cf8
51,Exhibit R-A03.42,328.96,637.25,410.56,645.35,7ef22357-3c89-4e7f-858f-a3fd7f398cf8
51,Exhibit R-A03.43,298.02,656.15,382.79,664.25,7ef22357-3c89-4e7f-858f-a3fd7f398cf8
52,Appendix R-03,484.19,112.87,545.82,121.15,7ef22357-3c89-4e7f-858f-a3fd7f398cf8
52,Appendix R-03,165.08,131.77,174.92,140.05,7ef22357-3c89-4e7f-858f-a3fd7f398cf8
52,RWS-1,233.48,207.56,262.29,215.66,7ef22357-3c89-4e7f-858f-a3fd7f398cf8
52,para. 8.30,276.69,207.56,327.03,215.66,7ef22357-3c89-4e7f-858f-a3fd7f398cf8
52,Appendix R-03,208.04,569.38,279.93,577.48,7ef22357-3c89-4e7f-858f-a3fd7f398cf8
53,Appendix R-03,146.45,93.79,218.0,102.07,7ef22357-3c89-4e7f-858f-a3fd7f398cf8
53,Appendix R-03,171.34,333.56,241.4,341.66,7ef22357-3c89-4e7f-858f-a3fd7f398cf8
53,Exhibit R-A03.18,349.51,333.56,429.27,341.66,7ef22357-3c89-4e7f-858f-a3fd7f398cf8
53,Appendix R-03,294.63,516.28,365.98,524.38,7ef22357-3c89-4e7f-858f-a3fd7f398cf8
53,Appendix R-03,498.93,630.41,545.82,638.51,7ef22357-3c89-4e7f-858f-a3fd7f398cf8
53,Appendix R-03,165.44,649.49,186.32,657.41,7ef22357-3c89-4e7f-858f-a3fd7f398cf8
53,Exhibit R-A03.18,494.78,706.19,545.64,714.47,7ef22357-3c89-4e7f-858f-a3fd7f398cf8
53,Exhibit R-A03.18,164.72,725.09,195.63,733.19,7ef22357-3c89-4e7f-858f-a3fd7f398cf8
54,Appendix R-03,254.47,143.83,327.33,152.11,7ef22357-3c89-4e7f-858f-a3fd7f398cf8
54,Exhibit R-A03.25,230.04,200.9,321.33,208.82,7ef22357-3c89-4e7f-858f-a3fd7f398cf8
54,Exhibit R-A03.27,340.95,200.9,384.0,208.82,7ef22357-3c89-4e7f-858f-a3fd7f398cf8
54,Exhibit R-A03.28,395.14,200.9,440.86,208.82,7ef22357-3c89-4e7f-858f-a3fd7f398cf8
54,Exhibit R-A03.36,460.49,200.9,506.39,208.82,7ef22357-3c89-4e7f-858f-a3fd7f398cf8
54,Exhibit R-A03.44,535.01,200.9,545.82,208.82,7ef22357-3c89-4e7f-858f-a3fd7f398cf8
54,Exhibit R-A03.44,164.72,219.62,195.63,227.72,7ef22357-3c89-4e7f-858f-a3fd7f398cf8
54,Appendix R-03,466.03,238.52,540.05,246.8,7ef22357-3c89-4e7f-858f-a3fd7f398cf8
54,Appendix R-03,384.82,295.58,454.73,303.86,7ef22357-3c89-4e7f-858f-a3fd7f398cf8
54,Appendix R-03,294.63,478.47,365.98,486.57,7ef22357-3c89-4e7f-858f-a3fd7f398cf8
54,Appendix R-03,171.34,611.14,243.56,619.24,7ef22357-3c89-4e7f-858f-a3fd7f398cf8
54,Exhibit R-A03.45,276.57,649.31,358.52,657.41,7ef22357-3c89-4e7f-858f-a3fd7f398cf8
54,Exhibit R-120,439.33,687.11,503.12,695.39,7ef22357-3c89-4e7f-858f-a3fd7f398cf8
55,Appendix R-03,287.07,288.74,356.62,296.84,7ef22357-3c89-4e7f-858f-a3fd7f398cf8
55,Appendix R-03,378.52,383.43,452.03,391.71,7ef22357-3c89-4e7f-858f-a3fd7f398cf8
55,Appendix R-03,171.34,509.44,243.06,517.72,7ef22357-3c89-4e7f-858f-a3fd7f398cf8
55,Exhibit R-A03.40,511.32,623.38,545.81,631.48,7ef22357-3c89-4e7f-858f-a3fd7f398cf8
55,Exhibit R-A03.40,165.44,642.29,207.06,650.57,7ef22357-3c89-4e7f-858f-a3fd7f398cf8
55,Exhibit R-A03.41,511.32,680.27,545.81,688.55,7ef22357-3c89-4e7f-858f-a3fd7f398cf8
55,Exhibit R-A03.41,165.44,699.17,207.06,707.27,7ef22357-3c89-4e7f-858f-a3fd7f398cf8
56,Appendix R-03,287.07,238.7,356.62,246.8,7ef22357-3c89-4e7f-858f-a3fd7f398cf8
56,Appendix R-03,498.75,333.56,545.63,341.84,7ef22357-3c89-4e7f-858f-a3fd7f398cf8
56,Appendix R-03,165.44,352.65,186.32,360.57,7ef22357-3c89-4e7f-858f-a3fd7f398cf8
56,Exhibit R-A03.42,329.5,352.65,410.92,360.57,7ef22357-3c89-4e7f-858f-a3fd7f398cf8
56,Exhibit R-A03.43,298.02,371.55,382.79,379.65,7ef22357-3c89-4e7f-858f-a3fd7f398cf8
56,Appendix R-03,498.77,497.38,545.81,505.66,7ef22357-3c89-4e7f-858f-a3fd7f398cf8
56,Appendix R-03,165.44,516.28,186.32,524.56,7ef22357-3c89-4e7f-858f-a3fd7f398cf8
56,RWS-1,371.2,592.24,400.0,600.52,7ef22357-3c89-4e7f-858f-a3fd7f398cf8
56,para. 8.30,411.7,592.24,459.05,600.52,7ef22357-3c89-4e7f-858f-a3fd7f398cf8
57,Exhibit C-079,426.19,324.74,489.57,333.02,7ef22357-3c89-4e7f-858f-a3fd7f398cf8
57,RWS-1,247.91,462.45,276.84,470.73,7ef22357-3c89-4e7f-858f-a3fd7f398cf8
57,paras. 10.12,287.49,462.45,349.05,470.73,7ef22357-3c89-4e7f-858f-a3fd7f398cf8
58,Exhibit C-079,336.34,578.2,399.43,586.48,7ef22357-3c89-4e7f-858f-a3fd7f398cf8
59,Exhibit RL-14,383.35,538.42,446.98,546.7,7ef22357-3c89-4e7f-858f-a3fd7f398cf8
62,Appendix R-04,251.59,245.72,321.69,253.82,7ef22357-3c89-4e7f-858f-a3fd7f398cf8
62,Appendix R-05,278.43,704.39,351.94,712.49,7ef22357-3c89-4e7f-858f-a3fd7f398cf8
62,Appendix R-05,375.46,742.19,446.81,750.29,7ef22357-3c89-4e7f-858f-a3fd7f398cf8
63,Appendix R-05,132.61,200.72,204.18,209.0,7ef22357-3c89-4e7f-858f-a3fd7f398cf8
63,Appendix R-04,208.58,621.4,294.51,629.51,7ef22357-3c89-4e7f-858f-a3fd7f398cf8
63,Appendix R-05,321.33,621.4,342.07,629.51,7ef22357-3c89-4e7f-858f-a3fd7f398cf8
64,Appendix R-04,163.94,162.73,235.86,170.83,7ef22357-3c89-4e7f-858f-a3fd7f398cf8
64,Appendix R-04,271.23,200.9,342.97,209.0,7ef22357-3c89-4e7f-858f-a3fd7f398cf8
64,Appendix R-04,195.64,502.42,273.63,510.52,7ef22357-3c89-4e7f-858f-a3fd7f398cf8
64,Appendix R-04,252.87,578.2,323.13,586.3,7ef22357-3c89-4e7f-858f-a3fd7f398cf8
64,Appendix R-04,393.28,685.49,465.56,693.41,7ef22357-3c89-4e7f-858f-a3fd7f398cf8
64,Exhibit R-A04.051,434.47,723.29,521.23,731.39,7ef22357-3c89-4e7f-858f-a3fd7f398cf8
65,Exhibit R-121,289.0,93.97,352.27,102.07,7ef22357-3c89-4e7f-858f-a3fd7f398cf8
65,Appendix R-04,254.49,174.79,325.41,182.89,7ef22357-3c89-4e7f-858f-a3fd7f398cf8
65,Appendix R-04,195.62,590.26,266.82,598.36,7ef22357-3c89-4e7f-858f-a3fd7f398cf8
65,Appendix R-04,344.69,704.21,417.82,712.49,7ef22357-3c89-4e7f-858f-a3fd7f398cf8
66,Appendix R-04,325.23,124.75,399.14,132.85,7ef22357-3c89-4e7f-858f-a3fd7f398cf8
66,RWS-1,373.2,200.72,402.13,209.0,7ef22357-3c89-4e7f-858f-a3fd7f398cf8
66,paras. 10.16 - 10.18,413.32,200.72,513.08,209.0,7ef22357-3c89-4e7f-858f-a3fd7f398cf8
66,RWS-1,478.51,345.63,507.44,353.91,7ef22357-3c89-4e7f-858f-a3fd7f398cf8
66,paras. 10.61,517.55,345.63,548.16,353.91,7ef22357-3c89-4e7f-858f-a3fd7f398cf8
66,paras. 10.61,189.92,364.71,212.94,372.63,7ef22357-3c89-4e7f-858f-a3fd7f398cf8
66,Appendix R-04,207.14,692.33,279.57,700.25,7ef22357-3c89-4e7f-858f-a3fd7f398cf8
67,RWS-1,239.27,112.87,268.2,120.97,7ef22357-3c89-4e7f-858f-a3fd7f398cf8
67,para. 10.54,279.21,112.87,331.8,120.97,7ef22357-3c89-4e7f-858f-a3fd7f398cf8
67,Appendix R-05,256.47,407.55,327.57,415.65,7ef22357-3c89-4e7f-858f-a3fd7f398cf8
67,Appendix R-05,333.51,533.38,404.14,541.48,7ef22357-3c89-4e7f-858f-a3fd7f398cf8
67,Appendix R-05,462.95,697.37,539.91,705.47,7ef22357-3c89-4e7f-858f-a3fd7f398cf8
68,Appendix R-05,307.05,550.66,383.29,558.76,7ef22357-3c89-4e7f-858f-a3fd7f398cf8
69,Appendix R-05,483.11,238.52,545.82,246.8,7ef22357-3c89-4e7f-858f-a3fd7f398cf8
69,Appendix R-05,189.38,257.6,199.22,265.88,7ef22357-3c89-4e7f-858f-a3fd7f398cf8
69,Appendix R-05,498.61,592.24,545.81,600.52,7ef22357-3c89-4e7f-858f-a3fd7f398cf8
69,Appendix R-05,189.74,611.14,208.94,619.42,7ef22357-3c89-4e7f-858f-a3fd7f398cf8
70,Appendix R-05,435.4,474.69,511.19,482.79,7ef22357-3c89-4e7f-858f-a3fd7f398cf8
71,Appendix R-05,438.1,262.82,513.77,270.74,7ef22357-3c89-4e7f-858f-a3fd7f398cf8
73,Exhibit R-103,326.08,274.7,388.99,282.98,7ef22357-3c89-4e7f-858f-a3fd7f398cf8
73,Exhibit R-26,511.32,593.32,545.81,601.6,7ef22357-3c89-4e7f-858f-a3fd7f398cf8
73,Exhibit R-26,165.44,612.4,186.32,620.5,7ef22357-3c89-4e7f-858f-a3fd7f398cf8
73,Exhibit R-14,407.83,612.4,467.54,620.5,7ef22357-3c89-4e7f-858f-a3fd7f398cf8
73,Exhibit R-107,436.63,631.49,504.44,639.59,7ef22357-3c89-4e7f-858f-a3fd7f398cf8
73,Exhibit R-110,258.21,650.39,324.55,658.49,7ef22357-3c89-4e7f-858f-a3fd7f398cf8
75,Exhibit R-25,397.91,131.77,457.79,140.05,7ef22357-3c89-4e7f-858f-a3fd7f398cf8
77,Exhibit R-A06.128,248.67,131.77,338.55,139.87,7ef22357-3c89-4e7f-858f-a3fd7f398cf8
77,Aquilegia,356.44,238.52,398.56,246.62,7ef22357-3c89-4e7f-858f-a3fd7f398cf8
77,Exhibit R-122,400.45,307.82,463.52,315.92,7ef22357-3c89-4e7f-858f-a3fd7f398cf8
78,RWS-1,354.3,357.51,383.23,365.79,7ef22357-3c89-4e7f-858f-a3fd7f398cf8
78,paras. 11.55 - 11.67,394.06,357.51,492.19,365.79,7ef22357-3c89-4e7f-858f-a3fd7f398cf8
78,Appendix R-06,208.2,397.65,281.73,405.75,7ef22357-3c89-4e7f-858f-a3fd7f398cf8
78,Appendix R-07,308.73,397.65,329.47,405.75,7ef22357-3c89-4e7f-858f-a3fd7f398cf8
79,Exhibit R-A06.143,170.39,74.71,260.21,82.81,7ef22357-3c89-4e7f-858f-a3fd7f398cf8
79,RWS-1,264.32,131.77,293.38,139.87,7ef22357-3c89-4e7f-858f-a3fd7f398cf8
79,para. 11.54,305.31,131.77,358.8,139.87,7ef22357-3c89-4e7f-858f-a3fd7f398cf8
79,Appendix R-06,301.11,257.06,375.73,265.88,7ef22357-3c89-4e7f-858f-a3fd7f398cf8
79,Appendix R-06,426.76,314.66,501.89,322.94,7ef22357-3c89-4e7f-858f-a3fd7f398cf8
80,Appendix R-06,195.62,433.47,267.0,441.57,7ef22357-3c89-4e7f-858f-a3fd7f398cf8
80,Appendix R-04,364.48,521.32,435.82,529.6,7ef22357-3c89-4e7f-858f-a3fd7f398cf8
81,Appendix R-06,467.99,143.83,540.05,152.11,7ef22357-3c89-4e7f-858f-a3fd7f398cf8
81,RWS-1,510.38,200.72,539.31,209.0,7ef22357-3c89-4e7f-858f-a3fd7f398cf8
81,paras. 11.51 -- 11.54,189.92,219.62,297.78,227.72,7ef22357-3c89-4e7f-858f-a3fd7f398cf8
81,Appendix R-06,195.62,357.51,268.98,365.79,7ef22357-3c89-4e7f-858f-a3fd7f398cf8
81,Appendix R-06,221.18,521.32,295.05,529.42,7ef22357-3c89-4e7f-858f-a3fd7f398cf8
82,Appendix R-03,231.26,174.79,309.45,182.89,7ef22357-3c89-4e7f-858f-a3fd7f398cf8
83,Exhibit RL-16,225.29,93.79,291.18,101.89,7ef22357-3c89-4e7f-858f-a3fd7f398cf8
87,Exhibit R-01,143.38,194.41,202.74,202.33,7ef22357-3c89-4e7f-858f-a3fd7f398cf8
87,Exhibit R-02,143.38,225.74,202.74,233.84,7ef22357-3c89-4e7f-858f-a3fd7f398cf8
87,Exhibit R-03,143.38,295.22,202.74,303.32,7ef22357-3c89-4e7f-858f-a3fd7f398cf8
87,Exhibit R-04,143.38,345.63,202.74,353.73,7ef22357-3c89-4e7f-858f-a3fd7f398cf8
87,Exhibit R-05,143.38,396.03,202.74,404.13,7ef22357-3c89-4e7f-858f-a3fd7f398cf8
87,Exhibit R-06,143.38,446.43,202.74,454.53,7ef22357-3c89-4e7f-858f-a3fd7f398cf8
87,Exhibit R-07,143.38,497.02,202.74,505.12,7ef22357-3c89-4e7f-858f-a3fd7f398cf8
87,Exhibit R-08,143.38,547.42,202.74,555.52,7ef22357-3c89-4e7f-858f-a3fd7f398cf8
87,Exhibit R-09,143.38,616.9,202.74,625.01,7ef22357-3c89-4e7f-858f-a3fd7f398cf8
87,Exhibit R-10,143.38,667.31,202.74,675.41,7ef22357-3c89-4e7f-858f-a3fd7f398cf8
87,Exhibit R-11,143.38,717.71,202.74,725.81,7ef22357-3c89-4e7f-858f-a3fd7f398cf8
88,Exhibit R-12,143.38,81.37,202.74,89.47,7ef22357-3c89-4e7f-858f-a3fd7f398cf8
88,Exhibit R-13,143.38,131.77,202.74,139.87,7ef22357-3c89-4e7f-858f-a3fd7f398cf8
88,Exhibit R-14,143.38,182.17,202.74,190.27,7ef22357-3c89-4e7f-858f-a3fd7f398cf8
88,Exhibit R-15,143.38,232.76,202.74,240.86,7ef22357-3c89-4e7f-858f-a3fd7f398cf8
88,Exhibit R-16,143.38,283.16,202.74,291.26,7ef22357-3c89-4e7f-858f-a3fd7f398cf8
88,Exhibit R-17,143.38,396.57,202.74,404.67,7ef22357-3c89-4e7f-858f-a3fd7f398cf8
88,Exhibit R-18,143.38,446.97,202.74,455.07,7ef22357-3c89-4e7f-858f-a3fd7f398cf8
88,Exhibit R-19,143.38,497.56,202.74,505.66,7ef22357-3c89-4e7f-858f-a3fd7f398cf8
88,Exhibit R-20,143.38,547.96,202.74,556.06,7ef22357-3c89-4e7f-858f-a3fd7f398cf8
88,Exhibit R-21,143.38,598.36,202.74,606.46,7ef22357-3c89-4e7f-858f-a3fd7f398cf8
88,Exhibit R-22,143.38,648.95,202.74,657.05,7ef22357-3c89-4e7f-858f-a3fd7f398cf8
89,Exhibit RL-01,148.06,81.37,203.96,89.47,7ef22357-3c89-4e7f-858f-a3fd7f398cf8
89,Exhibit RL-01,165.5,100.33,175.51,108.55,7ef22357-3c89-4e7f-858f-a3fd7f398cf8
89,Exhibit RL-02,148.06,131.05,203.96,139.87,7ef22357-3c89-4e7f-858f-a3fd7f398cf8
89,Exhibit RL-02,165.62,150.67,175.46,158.77,7ef22357-3c89-4e7f-858f-a3fd7f398cf8
89,Exhibit RL-03,148.06,200.36,203.96,209.18,7ef22357-3c89-4e7f-858f-a3fd7f398cf8
89,Exhibit RL-03,165.62,220.16,175.46,228.44,7ef22357-3c89-4e7f-858f-a3fd7f398cf8
89,Exhibit RL-04,148.06,270.74,203.96,278.84,7ef22357-3c89-4e7f-858f-a3fd7f398cf8
89,Exhibit RL-04,165.5,289.7,175.51,297.92,7ef22357-3c89-4e7f-858f-a3fd7f398cf8
89,Exhibit R-23,143.38,378.21,202.74,392.25,7ef22357-3c89-4e7f-858f-a3fd7f398cf8
89,Exhibit R-24,143.38,434.55,202.74,442.65,7ef22357-3c89-4e7f-858f-a3fd7f398cf8
89,Exhibit R-25,143.38,484.42,202.74,493.06,7ef22357-3c89-4e7f-858f-a3fd7f398cf8
89,Exhibit R-26,143.38,534.82,202.74,543.46,7ef22357-3c89-4e7f-858f-a3fd7f398cf8
89,Exhibit R-27,143.38,585.22,202.74,593.86,7ef22357-3c89-4e7f-858f-a3fd7f398cf8
89,Exhibit R-28,143.38,635.81,202.74,644.45,7ef22357-3c89-4e7f-858f-a3fd7f398cf8
89,Exhibit R-29,143.38,686.21,202.74,694.85,7ef22357-3c89-4e7f-858f-a3fd7f398cf8
90,Exhibit R-30,143.38,80.83,202.74,89.47,7ef22357-3c89-4e7f-858f-a3fd7f398cf8
90,Exhibit R-31,143.38,131.23,202.74,139.87,7ef22357-3c89-4e7f-858f-a3fd7f398cf8
90,Exhibit R-32,143.38,181.63,202.74,190.27,7ef22357-3c89-4e7f-858f-a3fd7f398cf8
90,Exhibit R-33,143.38,232.22,202.74,240.86,7ef22357-3c89-4e7f-858f-a3fd7f398cf8
90,Exhibit R-34,143.38,282.62,202.74,291.26,7ef22357-3c89-4e7f-858f-a3fd7f398cf8
90,Exhibit R-35,143.38,333.2,202.74,341.84,7ef22357-3c89-4e7f-858f-a3fd7f398cf8
90,Exhibit R-36,143.38,383.61,202.74,392.25,7ef22357-3c89-4e7f-858f-a3fd7f398cf8
90,Exhibit R-37,143.38,434.01,202.74,442.65,7ef22357-3c89-4e7f-858f-a3fd7f398cf8
90,Exhibit R-38,143.38,484.42,202.74,493.06,7ef22357-3c89-4e7f-858f-a3fd7f398cf8
90,Exhibit R-39,143.38,534.82,202.74,543.46,7ef22357-3c89-4e7f-858f-a3fd7f398cf8
90,Exhibit R-40,143.38,585.22,202.74,593.86,7ef22357-3c89-4e7f-858f-a3fd7f398cf8
90,Exhibit R-41,143.38,636.35,202.74,644.45,7ef22357-3c89-4e7f-858f-a3fd7f398cf8
90,Exhibit R-42,143.38,686.75,202.74,694.85,7ef22357-3c89-4e7f-858f-a3fd7f398cf8
91,Exhibit R-43,143.38,80.83,202.74,89.47,7ef22357-3c89-4e7f-858f-a3fd7f398cf8
91,Exhibit R-44,143.38,131.77,202.74,139.87,7ef22357-3c89-4e7f-858f-a3fd7f398cf8
91,Exhibit R-45,143.38,182.17,202.74,190.27,7ef22357-3c89-4e7f-858f-a3fd7f398cf8
91,Exhibit R-46,143.38,212.78,202.74,221.78,7ef22357-3c89-4e7f-858f-a3fd7f398cf8
91,Exhibit R-47,143.38,244.28,202.74,253.28,7ef22357-3c89-4e7f-858f-a3fd7f398cf8
91,Exhibit R-48,143.38,276.14,202.74,284.78,7ef22357-3c89-4e7f-858f-a3fd7f398cf8
91,Exhibit R-49,143.38,308.18,202.74,316.28,7ef22357-3c89-4e7f-858f-a3fd7f398cf8
91,Exhibit R-50,143.38,338.96,202.74,347.78,7ef22357-3c89-4e7f-858f-a3fd7f398cf8
91,Exhibit R-51,143.38,389.55,202.74,398.19,7ef22357-3c89-4e7f-858f-a3fd7f398cf8
91,Exhibit R-52,143.38,440.13,202.74,448.77,7ef22357-3c89-4e7f-858f-a3fd7f398cf8
91,Exhibit R-53,143.38,490.54,202.74,499.18,7ef22357-3c89-4e7f-858f-a3fd7f398cf8
91,Exhibit R-54,143.38,540.94,202.74,549.58,7ef22357-3c89-4e7f-858f-a3fd7f398cf8
91,Exhibit R-55,143.38,591.34,202.74,600.16,7ef22357-3c89-4e7f-858f-a3fd7f398cf8
91,Exhibit R-56,143.38,641.57,202.74,650.57,7ef22357-3c89-4e7f-858f-a3fd7f398cf8
91,Exhibit R-57,143.38,692.33,202.74,700.97,7ef22357-3c89-4e7f-858f-a3fd7f398cf8
92,Exhibit R-58,143.38,80.83,202.74,89.47,7ef22357-3c89-4e7f-858f-a3fd7f398cf8
92,Exhibit R-59,143.38,131.23,202.74,139.87,7ef22357-3c89-4e7f-858f-a3fd7f398cf8
92,Exhibit R-60,143.38,181.63,202.74,190.27,7ef22357-3c89-4e7f-858f-a3fd7f398cf8
92,Exhibit R-61,143.38,232.22,202.74,240.86,7ef22357-3c89-4e7f-858f-a3fd7f398cf8
92,Exhibit R-62,143.38,282.62,202.74,291.26,7ef22357-3c89-4e7f-858f-a3fd7f398cf8
92,Exhibit R-63,143.38,333.2,202.74,341.84,7ef22357-3c89-4e7f-858f-a3fd7f398cf8
92,Exhibit R-64,143.38,383.61,202.74,392.25,7ef22357-3c89-4e7f-858f-a3fd7f398cf8
92,Exhibit R-65,143.38,434.01,202.74,442.83,7ef22357-3c89-4e7f-858f-a3fd7f398cf8
92,Exhibit R-66,143.38,465.51,202.74,474.15,7ef22357-3c89-4e7f-858f-a3fd7f398cf8
92,Exhibit R-67,143.38,497.02,202.74,505.66,7ef22357-3c89-4e7f-858f-a3fd7f398cf8
92,Exhibit R-68,143.38,547.42,202.74,556.06,7ef22357-3c89-4e7f-858f-a3fd7f398cf8
92,Exhibit R-69,143.38,597.82,202.74,606.46,7ef22357-3c89-4e7f-858f-a3fd7f398cf8
92,Exhibit R-70,143.38,648.41,202.74,657.05,7ef22357-3c89-4e7f-858f-a3fd7f398cf8
92,Exhibit R-71,143.38,698.81,202.74,707.45,7ef22357-3c89-4e7f-858f-a3fd7f398cf8
92,Exhibit R-72,143.38,730.13,202.74,738.95,7ef22357-3c89-4e7f-858f-a3fd7f398cf8
93,Exhibit R-73,143.38,80.83,202.74,89.47,7ef22357-3c89-4e7f-858f-a3fd7f398cf8
93,Exhibit R-74,143.38,112.87,202.74,120.97,7ef22357-3c89-4e7f-858f-a3fd7f398cf8
93,Exhibit R-75,143.38,143.83,202.74,152.29,7ef22357-3c89-4e7f-858f-a3fd7f398cf8
93,Exhibit R-76,143.38,175.15,202.74,183.79,7ef22357-3c89-4e7f-858f-a3fd7f398cf8
93,Exhibit R-77,143.38,206.66,202.74,215.3,7ef22357-3c89-4e7f-858f-a3fd7f398cf8
93,Exhibit R-78,143.38,238.16,202.74,246.8,7ef22357-3c89-4e7f-858f-a3fd7f398cf8
93,Exhibit R-79,143.38,269.66,202.74,278.3,7ef22357-3c89-4e7f-858f-a3fd7f398cf8
93,Exhibit R-80,143.38,301.16,202.74,309.8,7ef22357-3c89-4e7f-858f-a3fd7f398cf8
93,Exhibit R-81,143.38,332.66,202.74,341.3,7ef22357-3c89-4e7f-858f-a3fd7f398cf8
93,Exhibit R-82,143.38,364.17,202.74,372.81,7ef22357-3c89-4e7f-858f-a3fd7f398cf8
93,Exhibit R-83,143.38,395.49,202.74,404.13,7ef22357-3c89-4e7f-858f-a3fd7f398cf8
93,Exhibit R-84,143.38,427.17,202.74,435.81,7ef22357-3c89-4e7f-858f-a3fd7f398cf8
93,Exhibit R-85,143.38,458.49,202.74,467.13,7ef22357-3c89-4e7f-858f-a3fd7f398cf8
93,Exhibit R-86,143.38,490.0,202.74,498.64,7ef22357-3c89-4e7f-858f-a3fd7f398cf8
93,Exhibit R-87,143.38,521.5,202.74,530.14,7ef22357-3c89-4e7f-858f-a3fd7f398cf8
93,Exhibit R-88,143.38,553.0,202.74,561.64,7ef22357-3c89-4e7f-858f-a3fd7f398cf8
93,Exhibit R-89,143.38,585.04,202.74,593.14,7ef22357-3c89-4e7f-858f-a3fd7f398cf8
93,Exhibit R-90,143.38,634.73,202.74,643.55,7ef22357-3c89-4e7f-858f-a3fd7f398cf8
93,Exhibit R-91,143.38,666.23,202.74,675.05,7ef22357-3c89-4e7f-858f-a3fd7f398cf8
93,Exhibit R-92,143.38,716.81,202.74,725.45,7ef22357-3c89-4e7f-858f-a3fd7f398cf8
94,Exhibit R-93,143.38,81.37,202.74,89.47,7ef22357-3c89-4e7f-858f-a3fd7f398cf8
94,Exhibit R-94,143.38,131.77,202.74,139.87,7ef22357-3c89-4e7f-858f-a3fd7f398cf8
94,Exhibit R-95,143.38,182.17,202.74,190.27,7ef22357-3c89-4e7f-858f-a3fd7f398cf8
94,Exhibit R-96,143.38,232.22,202.74,240.86,7ef22357-3c89-4e7f-858f-a3fd7f398cf8
94,Exhibit R-97,143.38,282.62,202.74,291.26,7ef22357-3c89-4e7f-858f-a3fd7f398cf8
94,Exhibit R-98,143.38,333.2,202.74,341.84,7ef22357-3c89-4e7f-858f-a3fd7f398cf8
94,Exhibit R-99,143.38,384.15,202.74,392.25,7ef22357-3c89-4e7f-858f-a3fd7f398cf8
94,Exhibit R-100,151.31,434.01,200.54,442.65,7ef22357-3c89-4e7f-858f-a3fd7f398cf8
94,Exhibit R-100,163.02,453.63,178.42,461.69,7ef22357-3c89-4e7f-858f-a3fd7f398cf8
94,Exhibit R-101,151.31,484.96,200.54,493.06,7ef22357-3c89-4e7f-858f-a3fd7f398cf8
94,Exhibit R-101,163.1,504.22,178.35,512.14,7ef22357-3c89-4e7f-858f-a3fd7f398cf8
94,Exhibit R-102,151.31,534.64,200.54,543.46,7ef22357-3c89-4e7f-858f-a3fd7f398cf8
94,Exhibit R-102,163.1,554.62,178.35,562.54,7ef22357-3c89-4e7f-858f-a3fd7f398cf8
94,Exhibit R-103,151.31,585.04,200.54,593.86,7ef22357-3c89-4e7f-858f-a3fd7f398cf8
94,Exhibit R-103,163.1,605.02,178.35,613.12,7ef22357-3c89-4e7f-858f-a3fd7f398cf8
94,Exhibit R-104,151.31,635.81,200.54,644.45,7ef22357-3c89-4e7f-858f-a3fd7f398cf8
94,Exhibit R-104,163.1,655.61,178.35,663.53,7ef22357-3c89-4e7f-858f-a3fd7f398cf8
94,Exhibit R-105,151.31,686.03,200.54,694.85,7ef22357-3c89-4e7f-858f-a3fd7f398cf8
94,Exhibit R-105,163.1,706.01,178.35,714.11,7ef22357-3c89-4e7f-858f-a3fd7f398cf8
95,Exhibit R-106,151.31,80.83,200.54,89.47,7ef22357-3c89-4e7f-858f-a3fd7f398cf8
95,Exhibit R-106,163.1,100.45,178.35,108.55,7ef22357-3c89-4e7f-858f-a3fd7f398cf8
95,Exhibit R-107,151.31,131.23,200.54,139.87,7ef22357-3c89-4e7f-858f-a3fd7f398cf8
95,Exhibit R-107,163.1,150.85,178.35,158.77,7ef22357-3c89-4e7f-858f-a3fd7f398cf8
95,Exhibit R-108,151.31,181.63,200.54,190.27,7ef22357-3c89-4e7f-858f-a3fd7f398cf8
95,Exhibit R-108,163.1,201.26,178.35,209.36,7ef22357-3c89-4e7f-858f-a3fd7f398cf8
95,Exhibit R-109,151.31,232.22,200.54,240.86,7ef22357-3c89-4e7f-858f-a3fd7f398cf8
95,Exhibit R-109,163.1,251.84,178.35,259.94,7ef22357-3c89-4e7f-858f-a3fd7f398cf8
95,Exhibit R-110,151.31,283.16,200.54,291.26,7ef22357-3c89-4e7f-858f-a3fd7f398cf8
95,Exhibit R-110,163.1,302.24,178.35,310.16,7ef22357-3c89-4e7f-858f-a3fd7f398cf8
95,Exhibit R-111,151.31,333.74,200.54,341.84,7ef22357-3c89-4e7f-858f-a3fd7f398cf8
95,Exhibit R-111,163.1,352.83,178.35,360.75,7ef22357-3c89-4e7f-858f-a3fd7f398cf8
95,Exhibit R-112,151.31,384.15,200.54,392.25,7ef22357-3c89-4e7f-858f-a3fd7f398cf8
95,Exhibit R-112,163.1,403.23,178.35,411.15,7ef22357-3c89-4e7f-858f-a3fd7f398cf8
95,Exhibit R-113,151.31,434.55,200.54,442.65,7ef22357-3c89-4e7f-858f-a3fd7f398cf8
95,Exhibit R-113,163.02,453.63,178.42,461.69,7ef22357-3c89-4e7f-858f-a3fd7f398cf8
95,Exhibit R-114,151.31,484.42,200.54,493.06,7ef22357-3c89-4e7f-858f-a3fd7f398cf8
95,Exhibit R-114,163.1,504.04,178.35,512.14,7ef22357-3c89-4e7f-858f-a3fd7f398cf8
95,Exhibit R-115,151.31,534.82,200.54,543.46,7ef22357-3c89-4e7f-858f-a3fd7f398cf8
95,Exhibit R-115,163.02,554.62,178.42,562.68,7ef22357-3c89-4e7f-858f-a3fd7f398cf8
95,Exhibit R-116,151.31,585.04,200.54,593.86,7ef22357-3c89-4e7f-858f-a3fd7f398cf8
95,Exhibit R-116,163.02,605.02,178.42,613.08,7ef22357-3c89-4e7f-858f-a3fd7f398cf8
95,Exhibit RL-05,141.22,667.85,207.14,675.95,7ef22357-3c89-4e7f-858f-a3fd7f398cf8
95,extracts,450.93,667.85,485.35,675.95,7ef22357-3c89-4e7f-858f-a3fd7f398cf8
95,Exhibit RL-06,141.22,699.35,207.14,707.45,7ef22357-3c89-4e7f-858f-a3fd7f398cf8
95,extracts,342.31,718.61,379.11,726.53,7ef22357-3c89-4e7f-858f-a3fd7f398cf8
96,Exhibit RL-07,141.22,81.37,207.14,89.47,7ef22357-3c89-4e7f-858f-a3fd7f398cf8
96,extracts,342.03,100.45,376.6,108.37,7ef22357-3c89-4e7f-858f-a3fd7f398cf8
96,Exhibit RL-08,141.22,131.77,207.14,139.87,7ef22357-3c89-4e7f-858f-a3fd7f398cf8
96,Exhibit RL-09,141.22,163.27,207.14,171.37,7ef22357-3c89-4e7f-858f-a3fd7f398cf8
96,Exhibit R-117,141.58,282.08,207.05,290.72,7ef22357-3c89-4e7f-858f-a3fd7f398cf8
96,Exhibit R-118,141.58,333.2,207.05,341.3,7ef22357-3c89-4e7f-858f-a3fd7f398cf8
96,Exhibit R-119,141.58,383.07,207.05,391.71,7ef22357-3c89-4e7f-858f-a3fd7f398cf8
96,Exhibit R-120,141.58,433.47,207.05,442.11,7ef22357-3c89-4e7f-858f-a3fd7f398cf8
96,Exhibit R-121,141.58,484.59,207.05,492.69,7ef22357-3c89-4e7f-858f-a3fd7f398cf8
96,Exhibit R-122,141.58,535.18,207.05,543.1,7ef22357-3c89-4e7f-858f-a3fd7f398cf8
96,Exhibit RL-10,136.27,592.06,207.14,606.1,7ef22357-3c89-4e7f-858f-a3fd7f398cf8
96,Exhibit RL-11,141.22,629.33,207.14,637.43,7ef22357-3c89-4e7f-858f-a3fd7f398cf8
96,Exhibit RL-12,141.22,660.83,207.14,668.93,7ef22357-3c89-4e7f-858f-a3fd7f398cf8
96,Exhibit RL-13,141.22,711.41,207.14,719.51,7ef22357-3c89-4e7f-858f-a3fd7f398cf8
97,Exhibit RL-14,141.22,87.31,207.14,95.41,7ef22357-3c89-4e7f-858f-a3fd7f398cf8
97,Exhibit RL-15,141.22,118.81,207.14,126.91,7ef22357-3c89-4e7f-858f-a3fd7f398cf8
97,Exhibit RL-16,141.22,169.21,207.14,177.31,7ef22357-3c89-4e7f-858f-a3fd7f398cf8
97,extracts,399.62,207.2,434.04,215.3,7ef22357-3c89-4e7f-858f-a3fd7f398cf8
97,RWS-1,159.8,270.2,189.25,278.3,7ef22357-3c89-4e7f-858f-a3fd7f398cf8
